{
    "1": {
        "mc_answer": "c"
    },
    "2": {
        "mc_answer": "a"
    },
    "3": {
        "mc_answer": "b"
    },
    "4": {
        "mc_answer": "c"
    },
    "5": {
        "mc_answer": "b"
    },
    "6": {
        "mc_answer": "c"
    },
    "7": {
        "mc_answer": "b"
    },
    "8": {
        "mc_answer": "c"
    },
    "9": {
        "mc_answer": "d"
    },
    "10": {
        "mc_answer": "c"
    },
    "11": {
        "mc_answer": "a"
    },
    "12": {
        "mc_answer": "c"
    },
    "13": {
        "mc_answer": "c"
    }
}