{"submission_count": 2, "output": "You have 8 submission attemps remaining.", "tests": [{"output": "Base Score: 31", "score": 31, "name": "Reward for efforts"}, {"output": "PASS. Score you get for this test case: 1.5", "score": 1.5, "name": "nachos_lock-10: simple HashMap sequence"}, {"output": "PASS. Score you get for this test case: 1.5", "score": 1.5, "name": "nachos_lock-11: HashMap get sequence"}, {"output": "PASS. Score you get for this test case: 1.5", "score": 1.5, "name": "nachos_lock-12: HashMap put sequence"}, {"output": "PASS. Score you get for this test case: 1.5", "score": 1.5, "name": "nachos_lock-13: HashMap del+put sequence"}, {"output": "PASS. Score you get for this test case: 1.5", "score": 1.5, "name": "nachos_lock-14: HashMap put+get sequence"}, {"output": "PASS. Score you get for this test case: 1.5", "score": 1.5, "name": "nachos_lock-15: HashMap single key hitting sequence"}, {"output": "PASS. Score you get for this test case: 1.5", "score": 1.5, "name": "nachos_lock-16: HashMap bucket hitting sequence"}, {"output": "PASS. Score you get for this test case: 1.5", "score": 1.5, "name": "nachos_lock-17: HashMap increment"}, {"output": "PASS. Score you get for this test case: 1.5", "score": 1.5, "name": "nachos_lock-1: HashMap::get() single key"}, {"output": "PASS. Score you get for this test case: 1.5", "score": 1.5, "name": "nachos_lock-2: HashMap::put() single key"}, {"output": "PASS. Score you get for this test case: 1.5", "score": 1.5, "name": "nachos_lock-3: Lock mutual exclusion"}, {"output": "PASS. Score you get for this test case: 1.5", "score": 1.5, "name": "nachos_lock-4: Condition::Signal()"}, {"output": "PASS. Score you get for this test case: 1.5", "score": 1.5, "name": "nachos_lock-5: Condition::Broadcast()"}, {"output": "PASS. Score you get for this test case: 1.5", "score": 1.5, "name": "nachos_lock-6: Condition::Wait()"}, {"output": "PASS. Score you get for this test case: 1.5", "score": 1.5, "name": "nachos_rw-10: simple HashMap sequence"}, {"output": "PASS. Score you get for this test case: 1.5", "score": 1.5, "name": "nachos_rw-11: HashMap get sequence"}, {"output": "PASS. Score you get for this test case: 1.5", "score": 1.5, "name": "nachos_rw-12: HashMap put sequence"}, {"output": "PASS. Score you get for this test case: 1.5", "score": 1.5, "name": "nachos_rw-13: HashMap del+put sequence"}, {"output": "PASS. Score you get for this test case: 1.5", "score": 1.5, "name": "nachos_rw-14: HashMap put+get sequence"}, {"output": "PASS. Score you get for this test case: 1.5", "score": 1.5, "name": "nachos_rw-15: HashMap single key hitting sequence"}, {"output": "PASS. Score you get for this test case: 1.5", "score": 1.5, "name": "nachos_rw-16: HashMap bucket hitting sequence"}, {"output": "PASS. Score you get for this test case: 1.5", "score": 1.5, "name": "nachos_rw-17: HashMap increment"}, {"output": "PASS. Score you get for this test case: 1.5", "score": 1.5, "name": "nachos_rw-1: HashMap::get() single key"}, {"output": "PASS. Score you get for this test case: 1.5", "score": 1.5, "name": "nachos_rw-2: HashMap::put() single key"}, {"output": "PASS. Score you get for this test case: 1.5", "score": 1.5, "name": "nachos_rw-3: Lock mutual exclusion"}, {"output": "PASS. Score you get for this test case: 1.5", "score": 1.5, "name": "nachos_rw-4: Condition::Signal()"}, {"output": "PASS. Score you get for this test case: 1.5", "score": 1.5, "name": "nachos_rw-5: Condition::Broadcast()"}, {"output": "PASS. Score you get for this test case: 1.5", "score": 1.5, "name": "nachos_rw-6: Condition::Wait()"}, {"output": "PASS. Score you get for this test case: 1.5", "score": 1.5, "name": "nachos_rw-7: RWLock W mutual exclusion()"}, {"output": "PASS. Score you get for this test case: 1.5", "score": 1.5, "name": "nachos_rw-8: RWLock R+W mutual exclusion()"}, {"output": "PASS. Score you get for this test case: 1.5", "score": 1.5, "name": "nachos_rw-9: RWLock multiple readers"}, {"output": "PASS. Score you get for this test case: 1.5", "score": 1.5, "name": "nachos_sem-10: simple HashMap sequence"}, {"output": "PASS. Score you get for this test case: 1.5", "score": 1.5, "name": "nachos_sem-11: HashMap get sequence"}, {"output": "PASS. Score you get for this test case: 1.5", "score": 1.5, "name": "nachos_sem-12: HashMap put sequence"}, {"output": "PASS. Score you get for this test case: 1.5", "score": 1.5, "name": "nachos_sem-13: HashMap del+put sequence"}, {"output": "PASS. Score you get for this test case: 1.5", "score": 1.5, "name": "nachos_sem-14: HashMap put+get sequence"}, {"output": "PASS. Score you get for this test case: 1.5", "score": 1.5, "name": "nachos_sem-15: HashMap single key hitting sequence"}, {"output": "PASS. Score you get for this test case: 1.5", "score": 1.5, "name": "nachos_sem-16: HashMap bucket hitting sequence"}, {"output": "PASS. Score you get for this test case: 1.5", "score": 1.5, "name": "nachos_sem-17: HashMap increment"}, {"output": "PASS. Score you get for this test case: 1.5", "score": 1.5, "name": "nachos_sem-1: HashMap::get() single key"}, {"output": "PASS. Score you get for this test case: 1.5", "score": 1.5, "name": "nachos_sem-2: HashMap::put() single key"}, {"output": "PASS. Score you get for this test case: 1.5", "score": 1.5, "name": "nachos_sem-3: Lock mutual exclusion"}, {"output": "PASS. Score you get for this test case: 1.5", "score": 1.5, "name": "nachos_sem-4: Condition::Signal()"}, {"output": "PASS. Score you get for this test case: 1.5", "score": 1.5, "name": "nachos_sem-5: Condition::Broadcast()"}, {"output": "PASS. Score you get for this test case: 1.5", "score": 1.5, "name": "nachos_sem-6: Condition::Wait()"}], "total_successful_submission_count": 2, "latest_successful_submission_time": "2018-04-14T00:27:53.939133-07:00"}